"COD_VAR";"LIB_VAR";"COD_MOD";"LIB_MOD"
"ACTIVITY";"Activité économique";"C10T12";"Fabrication de denrées alimentaires, de boissons et de produits à base de tabac"
"ACTIVITY";"Activité économique";"L";"Activités immobilières"
"ACTIVITY";"Activité économique";"B_D_E";"Industries extractives, énergie, eau, gestion des déchets et dépollution"
"ACTIVITY";"Activité économique";"I";"Hébergement et restauration"
"ACTIVITY";"Activité économique";"C29_30";"Fabrication de matériels de transport"
"ACTIVITY";"Activité économique";"C26T28";"Fabrication de produits informatiques, électroniques et optiques, d'équipements électriques, et de machines et équipements n.c.a."
"ACTIVITY";"Activité économique";"H";"Transports et entreposage"
"ACTIVITY";"Activité économique";"F";"Construction"
"ACTIVITY";"Activité économique";"C_OTH";"Autres industries manufacturières (C15, C23, C27, C31, C32, C33)"
"ACTIVITY";"Activité économique";"OTQ";"Administration publique, défense, enseignement, santé humaine et action sociale"
"ACTIVITY";"Activité économique";"K";"Activités financières et d'assurance"
"ACTIVITY";"Activité économique";"R_S";"Arts, divertissement et loisirs ; autres activités de services"
"ACTIVITY";"Activité économique";"G";"Commerce ; réparation d'automobiles et de motocycles"
"ACTIVITY";"Activité économique";"J";"Information et communication"
"ACTIVITY";"Activité économique";"M_N";"Activités spécialisées, scientifiques et techniques et activités de services administratifs et de soutien"
"ACTIVITY";"Activité économique";"C19";"Cokéfaction et raffinage"
"ACTIVITY";"Activité économique";"_T";"Total"
"AGE";"Âge";"Y_LT30";"Moins de 30 ans"
"AGE";"Âge";"Y_GE60";"60 ans ou plus"
"AGE";"Âge";"Y30T39";"De 30 à 39 ans"
"AGE";"Âge";"Y50T59";"De 50 à 59 ans"
"AGE";"Âge";"Y40T49";"De 40 à 49 ans"
"AGE";"Âge";"_T";"Total"
"DERA_MEASURE";"Mesure des salaires";"EFFECTIFS_EQTP";"Effectifs en EQTP"
"DERA_MEASURE";"Mesure des salaires";"SALAIRE_NET_EQTP_MENSUEL_MOYENNE";"Salaire net EQTP mensuel moyen"
"FREQ";"Fréquence";"A";"Annuel"
"NUMBER_EMPL";"Taille en tranches d'effectifs";"E_GE5000";"5000 salariés et plus"
"NUMBER_EMPL";"Taille en tranches d'effectifs";"E2000T4999";"2000 à 4999 salariés"
"NUMBER_EMPL";"Taille en tranches d'effectifs";"E1000T1999";"1000 à 1999 salariés"
"NUMBER_EMPL";"Taille en tranches d'effectifs";"E500T999";"500 à 999 salariés"
"NUMBER_EMPL";"Taille en tranches d'effectifs";"E250T499";"250 à 499 salariés"
"NUMBER_EMPL";"Taille en tranches d'effectifs";"E5T9";"5 à 9 salariés"
"NUMBER_EMPL";"Taille en tranches d'effectifs";"E10T19";"10 à 19 salariés"
"NUMBER_EMPL";"Taille en tranches d'effectifs";"E50T99";"50 à 99 salariés"
"NUMBER_EMPL";"Taille en tranches d'effectifs";"E100T249";"100 à 249 salariés"
"NUMBER_EMPL";"Taille en tranches d'effectifs";"E20T49";"20 à 49 salariés"
"NUMBER_EMPL";"Taille en tranches d'effectifs";"E_LT5";"Moins de 5 salariés"
"NUMBER_EMPL";"Taille en tranches d'effectifs";"_T";"Total"
"PCS_ESE";"Profession et catégorie socio-professionnelle des emplois salariés des employeurs privés et publics";"210X";"Artisans salariés de leur entreprise"
"PCS_ESE";"Profession et catégorie socio-professionnelle des emplois salariés des employeurs privés et publics";"220X";"Commerçants et assimilés, salariés de leur entreprise"
"PCS_ESE";"Profession et catégorie socio-professionnelle des emplois salariés des employeurs privés et publics";"231A";"Chefs de grande entreprise de 500 salariés et plus"
"PCS_ESE";"Profession et catégorie socio-professionnelle des emplois salariés des employeurs privés et publics";"232A";"Chefs de moyenne entreprise, de 50 à 499 salariés"
"PCS_ESE";"Profession et catégorie socio-professionnelle des emplois salariés des employeurs privés et publics";"233A";"Chefs d'entreprise du bâtiment et des travaux publics, de 10 à 49 salariés"
"PCS_ESE";"Profession et catégorie socio-professionnelle des emplois salariés des employeurs privés et publics";"233B";"Chefs d'entreprise de l'industrie ou des transports, de 10 à 49 salariés"
"PCS_ESE";"Profession et catégorie socio-professionnelle des emplois salariés des employeurs privés et publics";"233C";"Chefs d'entreprise commerciale, de 10 à 49 salariés"
"PCS_ESE";"Profession et catégorie socio-professionnelle des emplois salariés des employeurs privés et publics";"233D";"Chefs d'entreprise de services, de 10 à 49 salariés"
"PCS_ESE";"Profession et catégorie socio-professionnelle des emplois salariés des employeurs privés et publics";"3";"Cadres et professions intellectuelles supérieures"
"PCS_ESE";"Profession et catégorie socio-professionnelle des emplois salariés des employeurs privés et publics";"4";"Professions intermédiaires"
"PCS_ESE";"Profession et catégorie socio-professionnelle des emplois salariés des employeurs privés et publics";"311C";"Chirurgiens dentistes"
"PCS_ESE";"Profession et catégorie socio-professionnelle des emplois salariés des employeurs privés et publics";"311E";"Vétérinaires"
"PCS_ESE";"Profession et catégorie socio-professionnelle des emplois salariés des employeurs privés et publics";"312A";"Avocats"
"PCS_ESE";"Profession et catégorie socio-professionnelle des emplois salariés des employeurs privés et publics";"342C";"Professeurs agrégés et certifiés en fonction dans l'enseignement supérieur"
"PCS_ESE";"Profession et catégorie socio-professionnelle des emplois salariés des employeurs privés et publics";"344B";"Médecins salariés non hospitaliers"
"PCS_ESE";"Profession et catégorie socio-professionnelle des emplois salariés des employeurs privés et publics";"344D";"Pharmaciens salariés"
"PCS_ESE";"Profession et catégorie socio-professionnelle des emplois salariés des employeurs privés et publics";"352A";"Journalistes (y c. rédacteurs en chef)"
"PCS_ESE";"Profession et catégorie socio-professionnelle des emplois salariés des employeurs privés et publics";"353A";"Directeurs de journaux, administrateurs de presse, directeurs d'éditions (littéraire, musicale, audiovisuelle et multimédia)"
"PCS_ESE";"Profession et catégorie socio-professionnelle des emplois salariés des employeurs privés et publics";"353B";"Directeurs, responsables de programmation et de production de l'audiovisuel et des spectacles"
"PCS_ESE";"Profession et catégorie socio-professionnelle des emplois salariés des employeurs privés et publics";"353C";"Cadres artistiques et technico-artistiques de la réalisation de l'audiovisuel et des spectacles"
"PCS_ESE";"Profession et catégorie socio-professionnelle des emplois salariés des employeurs privés et publics";"354A";"Artistes plasticiens"
"PCS_ESE";"Profession et catégorie socio-professionnelle des emplois salariés des employeurs privés et publics";"354B";"Artistes de la musique et du chant"
"PCS_ESE";"Profession et catégorie socio-professionnelle des emplois salariés des employeurs privés et publics";"354C";"Artistes dramatiques"
"PCS_ESE";"Profession et catégorie socio-professionnelle des emplois salariés des employeurs privés et publics";"354E";"Artistes de la danse"
"PCS_ESE";"Profession et catégorie socio-professionnelle des emplois salariés des employeurs privés et publics";"354F";"Artistes du cirque et des spectacles divers"
"PCS_ESE";"Profession et catégorie socio-professionnelle des emplois salariés des employeurs privés et publics";"354G";"Professeurs d'art (hors établissements scolaires)"
"PCS_ESE";"Profession et catégorie socio-professionnelle des emplois salariés des employeurs privés et publics";"371A";"Cadres d'état-major administratifs, financiers, commerciaux des grandes entreprises"
"PCS_ESE";"Profession et catégorie socio-professionnelle des emplois salariés des employeurs privés et publics";"372A";"Cadres chargés d'études économiques, financières, commerciales"
"PCS_ESE";"Profession et catégorie socio-professionnelle des emplois salariés des employeurs privés et publics";"372B";"Cadres de l'organisation ou du contrôle des services administratifs et financiers"
"PCS_ESE";"Profession et catégorie socio-professionnelle des emplois salariés des employeurs privés et publics";"372C";"Cadres spécialistes des ressources humaines et du recrutement"
"PCS_ESE";"Profession et catégorie socio-professionnelle des emplois salariés des employeurs privés et publics";"372D";"Cadres spécialistes de la formation"
"PCS_ESE";"Profession et catégorie socio-professionnelle des emplois salariés des employeurs privés et publics";"372E";"Juristes"
"PCS_ESE";"Profession et catégorie socio-professionnelle des emplois salariés des employeurs privés et publics";"372F";"Cadres de la documentation, de l'archivage (hors fonction publique)"
"PCS_ESE";"Profession et catégorie socio-professionnelle des emplois salariés des employeurs privés et publics";"373A";"Cadres des services financiers ou comptables des grandes entreprises"
"PCS_ESE";"Profession et catégorie socio-professionnelle des emplois salariés des employeurs privés et publics";"373B";"Cadres des autres services administratifs des grandes entreprises"
"PCS_ESE";"Profession et catégorie socio-professionnelle des emplois salariés des employeurs privés et publics";"373C";"Cadres des services financiers ou comptables des petites et moyennes entreprises"
"PCS_ESE";"Profession et catégorie socio-professionnelle des emplois salariés des employeurs privés et publics";"373D";"Cadres des autres services administratifs des petites et moyennes entreprises"
"PCS_ESE";"Profession et catégorie socio-professionnelle des emplois salariés des employeurs privés et publics";"374A";"Cadres de l'exploitation des magasins de vente du commerce de détail"
"PCS_ESE";"Profession et catégorie socio-professionnelle des emplois salariés des employeurs privés et publics";"374B";"Chefs de produits, acheteurs du commerce et autres cadres de la mercatique"
"PCS_ESE";"Profession et catégorie socio-professionnelle des emplois salariés des employeurs privés et publics";"374C";"Cadres commerciaux des grandes entreprises (hors commerce de détail)"
"PCS_ESE";"Profession et catégorie socio-professionnelle des emplois salariés des employeurs privés et publics";"374D";"Cadres commerciaux des petites et moyennes entreprises (hors commerce de détail)"
"PCS_ESE";"Profession et catégorie socio-professionnelle des emplois salariés des employeurs privés et publics";"375A";"Cadres de la publicité"
"PCS_ESE";"Profession et catégorie socio-professionnelle des emplois salariés des employeurs privés et publics";"375B";"Cadres des relations publiques et de la communication"
"PCS_ESE";"Profession et catégorie socio-professionnelle des emplois salariés des employeurs privés et publics";"376A";"Cadres des marchés financiers"
"PCS_ESE";"Profession et catégorie socio-professionnelle des emplois salariés des employeurs privés et publics";"376B";"Cadres des opérations bancaires"
"PCS_ESE";"Profession et catégorie socio-professionnelle des emplois salariés des employeurs privés et publics";"376C";"Cadres commerciaux de la banque"
"PCS_ESE";"Profession et catégorie socio-professionnelle des emplois salariés des employeurs privés et publics";"376D";"Chefs d'établissements et responsables de l'exploitation bancaire"
"PCS_ESE";"Profession et catégorie socio-professionnelle des emplois salariés des employeurs privés et publics";"376E";"Cadres des services techniques des assurances"
"PCS_ESE";"Profession et catégorie socio-professionnelle des emplois salariés des employeurs privés et publics";"376F";"Cadres des services techniques des organismes de sécurité sociale et assimilés"
"PCS_ESE";"Profession et catégorie socio-professionnelle des emplois salariés des employeurs privés et publics";"376G";"Cadres de l'immobilier"
"PCS_ESE";"Profession et catégorie socio-professionnelle des emplois salariés des employeurs privés et publics";"377A";"Cadres de l'hôtellerie et de la restauration"
"PCS_ESE";"Profession et catégorie socio-professionnelle des emplois salariés des employeurs privés et publics";"380A";"Directeurs techniques des grandes entreprises"
"PCS_ESE";"Profession et catégorie socio-professionnelle des emplois salariés des employeurs privés et publics";"381B";"Ingénieurs et cadres d'étude et développement de l'agriculture, la pêche, les eaux et forêts"
"PCS_ESE";"Profession et catégorie socio-professionnelle des emplois salariés des employeurs privés et publics";"381C";"Ingénieurs et cadres de production et d'exploitation de l'agriculture, la pêche, les eaux et forêts"
"PCS_ESE";"Profession et catégorie socio-professionnelle des emplois salariés des employeurs privés et publics";"382A";"Ingénieurs et cadres d'étude du bâtiment et des travaux publics"
"PCS_ESE";"Profession et catégorie socio-professionnelle des emplois salariés des employeurs privés et publics";"382B";"Architectes salariés"
"PCS_ESE";"Profession et catégorie socio-professionnelle des emplois salariés des employeurs privés et publics";"382C";"Ingénieurs, cadres de chantier et conducteurs de travaux (cadres) du bâtiment et des travaux publics"
"PCS_ESE";"Profession et catégorie socio-professionnelle des emplois salariés des employeurs privés et publics";"382D";"Ingénieurs et cadres technico-commerciaux en bâtiment, travaux publics"
"PCS_ESE";"Profession et catégorie socio-professionnelle des emplois salariés des employeurs privés et publics";"383A";"Ingénieurs et cadres d'étude, recherche et développement en électricité, électronique"
"PCS_ESE";"Profession et catégorie socio-professionnelle des emplois salariés des employeurs privés et publics";"383B";"Ingénieurs et cadres de fabrication en matériel électrique, électronique"
"PCS_ESE";"Profession et catégorie socio-professionnelle des emplois salariés des employeurs privés et publics";"383C";"Ingénieurs et cadres technico-commerciaux en matériel électrique ou électronique professionnel"
"PCS_ESE";"Profession et catégorie socio-professionnelle des emplois salariés des employeurs privés et publics";"384A";"Ingénieurs et cadres d'étude, recherche et développement en mécanique et travail des métaux"
"PCS_ESE";"Profession et catégorie socio-professionnelle des emplois salariés des employeurs privés et publics";"384B";"Ingénieurs et cadres de fabrication en mécanique et travail des métaux"
"PCS_ESE";"Profession et catégorie socio-professionnelle des emplois salariés des employeurs privés et publics";"384C";"Ingénieurs et cadres technico-commerciaux en matériel mécanique professionnel"
"PCS_ESE";"Profession et catégorie socio-professionnelle des emplois salariés des employeurs privés et publics";"385A";"Ingénieurs et cadres d'étude, recherche et développement des industries de transformation (agroalimentaire, chimie, métallurgie, matériaux lourds)"
"PCS_ESE";"Profession et catégorie socio-professionnelle des emplois salariés des employeurs privés et publics";"385B";"Ingénieurs et cadres de fabrication des industries de transformation (agroalimentaire, chimie, métallurgie, matériaux lourds)"
"PCS_ESE";"Profession et catégorie socio-professionnelle des emplois salariés des employeurs privés et publics";"385C";"Ingénieurs et cadres technico-commerciaux des industries de transformations (biens intermédiaires)"
"PCS_ESE";"Profession et catégorie socio-professionnelle des emplois salariés des employeurs privés et publics";"386B";"Ingénieurs et cadres d'étude, recherche et développement de la distribution d'énergie, eau"
"PCS_ESE";"Profession et catégorie socio-professionnelle des emplois salariés des employeurs privés et publics";"386C";"Ingénieurs et cadres d'étude, recherche et développement des autres industries (imprimerie, matériaux souples, ameublement et bois)"
"PCS_ESE";"Profession et catégorie socio-professionnelle des emplois salariés des employeurs privés et publics";"386D";"Ingénieurs et cadres de la production et de la distribution d'énergie, eau"
"PCS_ESE";"Profession et catégorie socio-professionnelle des emplois salariés des employeurs privés et publics";"386E";"Ingénieurs et cadres de fabrication des autres industries (imprimerie, matériaux souples, ameublement et bois)"
"PCS_ESE";"Profession et catégorie socio-professionnelle des emplois salariés des employeurs privés et publics";"387A";"Ingénieurs et cadres des achats et approvisionnements industriels"
"PCS_ESE";"Profession et catégorie socio-professionnelle des emplois salariés des employeurs privés et publics";"387B";"Ingénieurs et cadres de la logistique, du planning et de l'ordonnancement"
"PCS_ESE";"Profession et catégorie socio-professionnelle des emplois salariés des employeurs privés et publics";"387C";"Ingénieurs et cadres des méthodes de production"
"PCS_ESE";"Profession et catégorie socio-professionnelle des emplois salariés des employeurs privés et publics";"387D";"Ingénieurs et cadres du contrôle-qualité"
"PCS_ESE";"Profession et catégorie socio-professionnelle des emplois salariés des employeurs privés et publics";"387E";"Ingénieurs et cadres de la maintenance, de l'entretien et des travaux neufs"
"PCS_ESE";"Profession et catégorie socio-professionnelle des emplois salariés des employeurs privés et publics";"387F";"Ingénieurs et cadres techniques de l'environnement"
"PCS_ESE";"Profession et catégorie socio-professionnelle des emplois salariés des employeurs privés et publics";"388A";"Ingénieurs et cadres d'étude, recherche et développement en informatique"
"PCS_ESE";"Profession et catégorie socio-professionnelle des emplois salariés des employeurs privés et publics";"388B";"Ingénieurs et cadres d'administration, maintenance, support et services aux utilisateurs en informatique"
"PCS_ESE";"Profession et catégorie socio-professionnelle des emplois salariés des employeurs privés et publics";"388C";"Chefs de projets informatiques, responsables informatiques"
"PCS_ESE";"Profession et catégorie socio-professionnelle des emplois salariés des employeurs privés et publics";"388D";"Ingénieurs et cadres technico-commerciaux en informatique et télécommunications"
"PCS_ESE";"Profession et catégorie socio-professionnelle des emplois salariés des employeurs privés et publics";"388E";"Ingénieurs et cadres spécialistes des télécommunications"
"PCS_ESE";"Profession et catégorie socio-professionnelle des emplois salariés des employeurs privés et publics";"389A";"Ingénieurs et cadres techniques de l'exploitation des transports"
"PCS_ESE";"Profession et catégorie socio-professionnelle des emplois salariés des employeurs privés et publics";"389B";"Officiers et cadres navigants techniques et commerciaux de l'aviation civile"
"PCS_ESE";"Profession et catégorie socio-professionnelle des emplois salariés des employeurs privés et publics";"389C";"Officiers et cadres navigants techniques de la marine marchande"
"PCS_ESE";"Profession et catégorie socio-professionnelle des emplois salariés des employeurs privés et publics";"423A";"Moniteurs d'école de conduite"
"PCS_ESE";"Profession et catégorie socio-professionnelle des emplois salariés des employeurs privés et publics";"423B";"Formateurs et animateurs de formation continue"
"PCS_ESE";"Profession et catégorie socio-professionnelle des emplois salariés des employeurs privés et publics";"424A";"Sportifs professionnels"
"PCS_ESE";"Profession et catégorie socio-professionnelle des emplois salariés des employeurs privés et publics";"433B";"Opticiens lunetiers et audioprothésistes salariés"
"PCS_ESE";"Profession et catégorie socio-professionnelle des emplois salariés des employeurs privés et publics";"433C";"Autres spécialistes de l'appareillage médical salariés"
"PCS_ESE";"Profession et catégorie socio-professionnelle des emplois salariés des employeurs privés et publics";"433D";"Préparateurs en pharmacie"
"PCS_ESE";"Profession et catégorie socio-professionnelle des emplois salariés des employeurs privés et publics";"434A";"Cadres de l'intervention socio-éducative"
"PCS_ESE";"Profession et catégorie socio-professionnelle des emplois salariés des employeurs privés et publics";"434B";"Assistants de service social"
"PCS_ESE";"Profession et catégorie socio-professionnelle des emplois salariés des employeurs privés et publics";"434C";"Conseillers en économie sociale familiale"
"PCS_ESE";"Profession et catégorie socio-professionnelle des emplois salariés des employeurs privés et publics";"434E";"Moniteurs éducateurs"
"PCS_ESE";"Profession et catégorie socio-professionnelle des emplois salariés des employeurs privés et publics";"434F";"Éducateurs techniques spécialisés, moniteurs d'atelier"
"PCS_ESE";"Profession et catégorie socio-professionnelle des emplois salariés des employeurs privés et publics";"435A";"Directeurs de centres socioculturels et de loisirs"
"PCS_ESE";"Profession et catégorie socio-professionnelle des emplois salariés des employeurs privés et publics";"435B";"Animateurs socioculturels et de loisirs"
"PCS_ESE";"Profession et catégorie socio-professionnelle des emplois salariés des employeurs privés et publics";"441A";"Clergé séculier"
"PCS_ESE";"Profession et catégorie socio-professionnelle des emplois salariés des employeurs privés et publics";"441B";"Clergé régulier"
"PCS_ESE";"Profession et catégorie socio-professionnelle des emplois salariés des employeurs privés et publics";"461B";"Secrétaires de direction, assistants de direction (non cadres)"
"PCS_ESE";"Profession et catégorie socio-professionnelle des emplois salariés des employeurs privés et publics";"461C";"Secrétaires de niveau supérieur (non cadres, hors secrétaires de direction)"
"PCS_ESE";"Profession et catégorie socio-professionnelle des emplois salariés des employeurs privés et publics";"461D";"Maîtrise et techniciens des services financiers ou comptables"
"PCS_ESE";"Profession et catégorie socio-professionnelle des emplois salariés des employeurs privés et publics";"461E";"Maîtrise et techniciens administratifs des services juridiques ou du personnel"
"PCS_ESE";"Profession et catégorie socio-professionnelle des emplois salariés des employeurs privés et publics";"461F";"Maîtrise et techniciens administratifs des autres services administratifs"
"PCS_ESE";"Profession et catégorie socio-professionnelle des emplois salariés des employeurs privés et publics";"462A";"Chefs de petites surfaces de vente"
"PCS_ESE";"Profession et catégorie socio-professionnelle des emplois salariés des employeurs privés et publics";"462B";"Maîtrise de l'exploitation des magasins de vente"
"PCS_ESE";"Profession et catégorie socio-professionnelle des emplois salariés des employeurs privés et publics";"462C";"Acheteurs non classés cadres, aides-acheteurs"
"PCS_ESE";"Profession et catégorie socio-professionnelle des emplois salariés des employeurs privés et publics";"5";"Employés"
"PCS_ESE";"Profession et catégorie socio-professionnelle des emplois salariés des employeurs privés et publics";"462D";"Animateurs commerciaux des magasins de vente, marchandiseurs (non cadres)"
"PCS_ESE";"Profession et catégorie socio-professionnelle des emplois salariés des employeurs privés et publics";"462E";"Autres professions intermédiaires commerciales (sauf techniciens des forces de vente)"
"PCS_ESE";"Profession et catégorie socio-professionnelle des emplois salariés des employeurs privés et publics";"463A";"Techniciens commerciaux et technico-commerciaux, représentants en informatique"
"PCS_ESE";"Profession et catégorie socio-professionnelle des emplois salariés des employeurs privés et publics";"463B";"Techniciens commerciaux et technico-commerciaux, représentants en biens d'équipement, en biens intermédiaires, commerce interindustriel (hors informatique)"
"PCS_ESE";"Profession et catégorie socio-professionnelle des emplois salariés des employeurs privés et publics";"463C";"Techniciens commerciaux et technico-commerciaux, représentants en biens de consommation auprès d'entreprises"
"PCS_ESE";"Profession et catégorie socio-professionnelle des emplois salariés des employeurs privés et publics";"463D";"Techniciens commerciaux et technico-commerciaux, représentants en services auprès d'entreprises ou de professionnels (hors banque, assurance, informatique)"
"PCS_ESE";"Profession et catégorie socio-professionnelle des emplois salariés des employeurs privés et publics";"463E";"Techniciens commerciaux et technico-commerciaux, représentants auprès de particuliers (hors banque, assurance, informatique)"
"PCS_ESE";"Profession et catégorie socio-professionnelle des emplois salariés des employeurs privés et publics";"464A";"Assistants de la publicité, des relations publiques"
"PCS_ESE";"Profession et catégorie socio-professionnelle des emplois salariés des employeurs privés et publics";"464B";"Interprètes, traducteurs"
"PCS_ESE";"Profession et catégorie socio-professionnelle des emplois salariés des employeurs privés et publics";"465A";"Concepteurs et assistants techniques des arts graphiques, de la mode et de la décoration salariés"
"PCS_ESE";"Profession et catégorie socio-professionnelle des emplois salariés des employeurs privés et publics";"465B";"Assistants techniques de la réalisation des spectacles vivants et audiovisuels salariés"
"PCS_ESE";"Profession et catégorie socio-professionnelle des emplois salariés des employeurs privés et publics";"465C";"Photographes"
"PCS_ESE";"Profession et catégorie socio-professionnelle des emplois salariés des employeurs privés et publics";"466A";"Responsables commerciaux et administratifs des transports de voyageurs et du tourisme (non cadres)"
"PCS_ESE";"Profession et catégorie socio-professionnelle des emplois salariés des employeurs privés et publics";"466B";"Responsables commerciaux et administratifs des transports de marchandises (non cadres)"
"PCS_ESE";"Profession et catégorie socio-professionnelle des emplois salariés des employeurs privés et publics";"466C";"Responsables d'exploitation des transports de voyageurs et de marchandises (non cadres)"
"PCS_ESE";"Profession et catégorie socio-professionnelle des emplois salariés des employeurs privés et publics";"467A";"Chargés de clientèle bancaire"
"PCS_ESE";"Profession et catégorie socio-professionnelle des emplois salariés des employeurs privés et publics";"467B";"Techniciens des opérations bancaires"
"PCS_ESE";"Profession et catégorie socio-professionnelle des emplois salariés des employeurs privés et publics";"467C";"Professions intermédiaires techniques et commerciales des assurances"
"PCS_ESE";"Profession et catégorie socio-professionnelle des emplois salariés des employeurs privés et publics";"467D";"Professions intermédiaires techniques des organismes de sécurité sociale"
"PCS_ESE";"Profession et catégorie socio-professionnelle des emplois salariés des employeurs privés et publics";"468A";"Maîtrise de restauration : salle et service"
"PCS_ESE";"Profession et catégorie socio-professionnelle des emplois salariés des employeurs privés et publics";"468B";"Maîtrise de l'hébergement : hall et étages"
"PCS_ESE";"Profession et catégorie socio-professionnelle des emplois salariés des employeurs privés et publics";"471A";"Techniciens d'étude et de conseil en agriculture, eaux et forêt"
"PCS_ESE";"Profession et catégorie socio-professionnelle des emplois salariés des employeurs privés et publics";"471B";"Techniciens d'exploitation et de contrôle de la production en agriculture, eaux et forêt"
"PCS_ESE";"Profession et catégorie socio-professionnelle des emplois salariés des employeurs privés et publics";"472A";"Dessinateurs en bâtiment, travaux publics"
"PCS_ESE";"Profession et catégorie socio-professionnelle des emplois salariés des employeurs privés et publics";"472B";"Géomètres, topographes"
"PCS_ESE";"Profession et catégorie socio-professionnelle des emplois salariés des employeurs privés et publics";"472C";"Métreurs et techniciens divers du bâtiment et des travaux publics"
"PCS_ESE";"Profession et catégorie socio-professionnelle des emplois salariés des employeurs privés et publics";"473A";"Dessinateurs en électricité, électromécanique et électronique"
"PCS_ESE";"Profession et catégorie socio-professionnelle des emplois salariés des employeurs privés et publics";"473B";"Techniciens de recherche-développement et des méthodes de fabrication en électricité, électromécanique et électronique"
"PCS_ESE";"Profession et catégorie socio-professionnelle des emplois salariés des employeurs privés et publics";"473C";"Techniciens de fabrication et de contrôle-qualité en électricité, électromécanique et électronique"
"PCS_ESE";"Profession et catégorie socio-professionnelle des emplois salariés des employeurs privés et publics";"474A";"Dessinateurs en construction mécanique et travail des métaux"
"PCS_ESE";"Profession et catégorie socio-professionnelle des emplois salariés des employeurs privés et publics";"474B";"Techniciens de recherche-développement et des méthodes de fabrication en construction mécanique et travail des métaux"
"PCS_ESE";"Profession et catégorie socio-professionnelle des emplois salariés des employeurs privés et publics";"474C";"Techniciens de fabrication et de contrôle-qualité en construction mécanique et travail des métaux"
"PCS_ESE";"Profession et catégorie socio-professionnelle des emplois salariés des employeurs privés et publics";"475A";"Techniciens de recherche-développement et des méthodes de production des industries de transformation"
"PCS_ESE";"Profession et catégorie socio-professionnelle des emplois salariés des employeurs privés et publics";"475B";"Techniciens de production et de contrôle-qualité des industries de transformation"
"PCS_ESE";"Profession et catégorie socio-professionnelle des emplois salariés des employeurs privés et publics";"476A";"Assistants techniques, techniciens de l'imprimerie et de l'édition"
"PCS_ESE";"Profession et catégorie socio-professionnelle des emplois salariés des employeurs privés et publics";"476B";"Techniciens de l'industrie des matériaux souples, de l'ameublement et du bois"
"PCS_ESE";"Profession et catégorie socio-professionnelle des emplois salariés des employeurs privés et publics";"477A";"Techniciens de la logistique, du planning et de l'ordonnancement"
"PCS_ESE";"Profession et catégorie socio-professionnelle des emplois salariés des employeurs privés et publics";"477B";"Techniciens d'installation et de maintenance des équipements industriels (électriques, électromécaniques, mécaniques, hors informatique)"
"PCS_ESE";"Profession et catégorie socio-professionnelle des emplois salariés des employeurs privés et publics";"477C";"Techniciens d'installation et de maintenance des équipements non industriels (hors informatique et télécommunications)"
"PCS_ESE";"Profession et catégorie socio-professionnelle des emplois salariés des employeurs privés et publics";"477D";"Techniciens de l'environnement et du traitement des pollutions"
"PCS_ESE";"Profession et catégorie socio-professionnelle des emplois salariés des employeurs privés et publics";"478A";"Techniciens d'étude et de développement en informatique"
"PCS_ESE";"Profession et catégorie socio-professionnelle des emplois salariés des employeurs privés et publics";"478B";"Techniciens de production, d'exploitation en informatique"
"PCS_ESE";"Profession et catégorie socio-professionnelle des emplois salariés des employeurs privés et publics";"478C";"Techniciens d'installation, de maintenance, support et services aux utilisateurs en informatique"
"PCS_ESE";"Profession et catégorie socio-professionnelle des emplois salariés des employeurs privés et publics";"478D";"Techniciens des télécommunications et de l'informatique des réseaux"
"PCS_ESE";"Profession et catégorie socio-professionnelle des emplois salariés des employeurs privés et publics";"479B";"Experts salariés de niveau technicien, techniciens divers"
"PCS_ESE";"Profession et catégorie socio-professionnelle des emplois salariés des employeurs privés et publics";"480A";"Contremaîtres et agents d'encadrement (non cadres) en agriculture, sylviculture"
"PCS_ESE";"Profession et catégorie socio-professionnelle des emplois salariés des employeurs privés et publics";"481A";"Conducteurs de travaux (non cadres)"
"PCS_ESE";"Profession et catégorie socio-professionnelle des emplois salariés des employeurs privés et publics";"481B";"Chefs de chantier (non cadres)"
"PCS_ESE";"Profession et catégorie socio-professionnelle des emplois salariés des employeurs privés et publics";"482A";"Agents de maîtrise en fabrication de matériel électrique, électronique"
"PCS_ESE";"Profession et catégorie socio-professionnelle des emplois salariés des employeurs privés et publics";"483A";"Agents de maîtrise en construction mécanique, travail des métaux"
"PCS_ESE";"Profession et catégorie socio-professionnelle des emplois salariés des employeurs privés et publics";"484A";"Agents de maîtrise en fabrication : agroalimentaire, chimie, plasturgie, pharmacie."
"PCS_ESE";"Profession et catégorie socio-professionnelle des emplois salariés des employeurs privés et publics";"484B";"Agents de maîtrise en fabrication : métallurgie, matériaux lourds et autres industries de transformation"
"PCS_ESE";"Profession et catégorie socio-professionnelle des emplois salariés des employeurs privés et publics";"485A";"Agents de maîtrise et techniciens en production et distribution d'énergie, eau, chauffage"
"PCS_ESE";"Profession et catégorie socio-professionnelle des emplois salariés des employeurs privés et publics";"485B";"Agents de maîtrise en fabrication des autres industries (imprimerie, matériaux souples, ameublement et bois)"
"PCS_ESE";"Profession et catégorie socio-professionnelle des emplois salariés des employeurs privés et publics";"486B";"Agents de maîtrise en maintenance, installation en électricité et électronique"
"PCS_ESE";"Profession et catégorie socio-professionnelle des emplois salariés des employeurs privés et publics";"486C";"Agents de maîtrise en maintenance, installation en électromécanique"
"PCS_ESE";"Profession et catégorie socio-professionnelle des emplois salariés des employeurs privés et publics";"486D";"Agents de maîtrise en maintenance, installation en mécanique"
"PCS_ESE";"Profession et catégorie socio-professionnelle des emplois salariés des employeurs privés et publics";"486E";"Agents de maîtrise en entretien général, installation, travaux neufs (hors mécanique, électromécanique, électronique)"
"PCS_ESE";"Profession et catégorie socio-professionnelle des emplois salariés des employeurs privés et publics";"487A";"Responsables d'entrepôt, de magasinage"
"PCS_ESE";"Profession et catégorie socio-professionnelle des emplois salariés des employeurs privés et publics";"487B";"Responsables du tri, de l'emballage, de l'expédition et autres responsables de la manutention"
"PCS_ESE";"Profession et catégorie socio-professionnelle des emplois salariés des employeurs privés et publics";"488A";"Maîtrise de restauration  : cuisine/production"
"PCS_ESE";"Profession et catégorie socio-professionnelle des emplois salariés des employeurs privés et publics";"488B";"Maîtrise de restauration  : gestion d'établissement"
"PCS_ESE";"Profession et catégorie socio-professionnelle des emplois salariés des employeurs privés et publics";"525B";"Agents de service des autres établissements d'enseignement"
"PCS_ESE";"Profession et catégorie socio-professionnelle des emplois salariés des employeurs privés et publics";"526B";"Assistants dentaires, médicaux et vétérinaires, aides de techniciens médicaux"
"PCS_ESE";"Profession et catégorie socio-professionnelle des emplois salariés des employeurs privés et publics";"526C";"Auxiliaires de puériculture"
"PCS_ESE";"Profession et catégorie socio-professionnelle des emplois salariés des employeurs privés et publics";"526D";"Aides médico-psychologiques"
"PCS_ESE";"Profession et catégorie socio-professionnelle des emplois salariés des employeurs privés et publics";"526E";"Ambulanciers salariés"
"PCS_ESE";"Profession et catégorie socio-professionnelle des emplois salariés des employeurs privés et publics";"533B";"Agents techniques forestiers, gardes des espaces naturels"
"PCS_ESE";"Profession et catégorie socio-professionnelle des emplois salariés des employeurs privés et publics";"534A";"Agents civils de sécurité et de surveillance"
"PCS_ESE";"Profession et catégorie socio-professionnelle des emplois salariés des employeurs privés et publics";"534B";"Convoyeurs de fonds, gardes du corps, enquêteurs privés et métiers assimilés (salariés)"
"PCS_ESE";"Profession et catégorie socio-professionnelle des emplois salariés des employeurs privés et publics";"541B";"Agents d'accueil qualifiés, hôtesses d'accueil et d'information"
"PCS_ESE";"Profession et catégorie socio-professionnelle des emplois salariés des employeurs privés et publics";"541C";"Agents d'accueil non qualifiés"
"PCS_ESE";"Profession et catégorie socio-professionnelle des emplois salariés des employeurs privés et publics";"541D";"Standardistes, téléphonistes"
"PCS_ESE";"Profession et catégorie socio-professionnelle des emplois salariés des employeurs privés et publics";"542A";"Secrétaires"
"PCS_ESE";"Profession et catégorie socio-professionnelle des emplois salariés des employeurs privés et publics";"542B";"Dactylos, sténodactylos (sans secrétariat), opérateurs de traitement de texte"
"PCS_ESE";"Profession et catégorie socio-professionnelle des emplois salariés des employeurs privés et publics";"543B";"Employés qualifiés des services comptables ou financiers"
"PCS_ESE";"Profession et catégorie socio-professionnelle des emplois salariés des employeurs privés et publics";"543C";"Employés non qualifiés des services comptables ou financiers"
"PCS_ESE";"Profession et catégorie socio-professionnelle des emplois salariés des employeurs privés et publics";"543E";"Employés qualifiés des services du personnel et des services juridiques"
"PCS_ESE";"Profession et catégorie socio-professionnelle des emplois salariés des employeurs privés et publics";"6";"Ouvriers"
"PCS_ESE";"Profession et catégorie socio-professionnelle des emplois salariés des employeurs privés et publics";"543F";"Employés qualifiés des services commerciaux des entreprises (hors vente)"
"PCS_ESE";"Profession et catégorie socio-professionnelle des emplois salariés des employeurs privés et publics";"543G";"Employés administratifs qualifiés des autres services des entreprises"
"PCS_ESE";"Profession et catégorie socio-professionnelle des emplois salariés des employeurs privés et publics";"543H";"Employés administratifs non qualifiés"
"PCS_ESE";"Profession et catégorie socio-professionnelle des emplois salariés des employeurs privés et publics";"544A";"Employés et opérateurs d'exploitation en informatique"
"PCS_ESE";"Profession et catégorie socio-professionnelle des emplois salariés des employeurs privés et publics";"545A";"Employés administratifs des services techniques de la banque"
"PCS_ESE";"Profession et catégorie socio-professionnelle des emplois salariés des employeurs privés et publics";"545B";"Employés des services commerciaux de la banque"
"PCS_ESE";"Profession et catégorie socio-professionnelle des emplois salariés des employeurs privés et publics";"545C";"Employés des services techniques des assurances"
"PCS_ESE";"Profession et catégorie socio-professionnelle des emplois salariés des employeurs privés et publics";"545D";"Employés des services techniques des organismes de sécurité sociale et assimilés"
"PCS_ESE";"Profession et catégorie socio-professionnelle des emplois salariés des employeurs privés et publics";"546A";"Contrôleurs des transports (personnels roulants)"
"PCS_ESE";"Profession et catégorie socio-professionnelle des emplois salariés des employeurs privés et publics";"546B";"Agents des services commerciaux des transports de voyageurs et du tourisme"
"PCS_ESE";"Profession et catégorie socio-professionnelle des emplois salariés des employeurs privés et publics";"546C";"Employés administratifs d'exploitation des transports de marchandises"
"PCS_ESE";"Profession et catégorie socio-professionnelle des emplois salariés des employeurs privés et publics";"546D";"Hôtesses de l'air et stewards"
"PCS_ESE";"Profession et catégorie socio-professionnelle des emplois salariés des employeurs privés et publics";"546E";"Autres agents et hôtesses d'accompagnement (transports, tourisme)"
"PCS_ESE";"Profession et catégorie socio-professionnelle des emplois salariés des employeurs privés et publics";"551A";"Employés de libre service du commerce et magasiniers"
"PCS_ESE";"Profession et catégorie socio-professionnelle des emplois salariés des employeurs privés et publics";"552A";"Caissiers de magasin"
"PCS_ESE";"Profession et catégorie socio-professionnelle des emplois salariés des employeurs privés et publics";"553B";"Vendeurs polyvalents des grands magasins"
"PCS_ESE";"Profession et catégorie socio-professionnelle des emplois salariés des employeurs privés et publics";"553C";" Autres vendeurs non spécialisés"
"PCS_ESE";"Profession et catégorie socio-professionnelle des emplois salariés des employeurs privés et publics";"554A";"Vendeurs en alimentation"
"PCS_ESE";"Profession et catégorie socio-professionnelle des emplois salariés des employeurs privés et publics";"554B";"Vendeurs en ameublement, décor, équipement du foyer"
"PCS_ESE";"Profession et catégorie socio-professionnelle des emplois salariés des employeurs privés et publics";"554C";"Vendeurs en droguerie, bazar, quincaillerie, bricolage"
"PCS_ESE";"Profession et catégorie socio-professionnelle des emplois salariés des employeurs privés et publics";"554D";"Vendeurs du commerce de fleurs"
"PCS_ESE";"Profession et catégorie socio-professionnelle des emplois salariés des employeurs privés et publics";"554E";"Vendeurs en habillement et articles de sport"
"PCS_ESE";"Profession et catégorie socio-professionnelle des emplois salariés des employeurs privés et publics";"554F";"Vendeurs en produits de beauté, de luxe (hors biens culturels) et optique"
"PCS_ESE";"Profession et catégorie socio-professionnelle des emplois salariés des employeurs privés et publics";"554G";"Vendeurs de biens culturels (livres, disques, multimédia, objets d'art)"
"PCS_ESE";"Profession et catégorie socio-professionnelle des emplois salariés des employeurs privés et publics";"554H";"Vendeurs de tabac, presse et articles divers"
"PCS_ESE";"Profession et catégorie socio-professionnelle des emplois salariés des employeurs privés et publics";"554J";"Pompistes et gérants de station-service (salariés ou mandataires)"
"PCS_ESE";"Profession et catégorie socio-professionnelle des emplois salariés des employeurs privés et publics";"555A";"Vendeurs par correspondance, télévendeurs"
"PCS_ESE";"Profession et catégorie socio-professionnelle des emplois salariés des employeurs privés et publics";"556A";"Vendeurs en gros de biens d'équipement, biens intermédiaires"
"PCS_ESE";"Profession et catégorie socio-professionnelle des emplois salariés des employeurs privés et publics";"561B";"Serveurs, commis de restaurant, garçons qualifiés"
"PCS_ESE";"Profession et catégorie socio-professionnelle des emplois salariés des employeurs privés et publics";"561C";"Serveurs, commis de restaurant, garçons non qualifiés"
"PCS_ESE";"Profession et catégorie socio-professionnelle des emplois salariés des employeurs privés et publics";"561D";"Aides de cuisine, apprentis de cuisine et employés polyvalents de la restauration"
"PCS_ESE";"Profession et catégorie socio-professionnelle des emplois salariés des employeurs privés et publics";"561E";"Employés de l'hôtellerie : réception et hall"
"PCS_ESE";"Profession et catégorie socio-professionnelle des emplois salariés des employeurs privés et publics";"561F";"Employés d'étage et employés polyvalents de l'hôtellerie"
"PCS_ESE";"Profession et catégorie socio-professionnelle des emplois salariés des employeurs privés et publics";"562A";"Manucures, esthéticiens "
"PCS_ESE";"Profession et catégorie socio-professionnelle des emplois salariés des employeurs privés et publics";"562B";"Coiffeurs salariés"
"PCS_ESE";"Profession et catégorie socio-professionnelle des emplois salariés des employeurs privés et publics";"563A";"Assistantes maternelles, gardiennes d'enfants, familles d'accueil"
"PCS_ESE";"Profession et catégorie socio-professionnelle des emplois salariés des employeurs privés et publics";"563B";"Aides à domicile, aides ménagères, travailleuses familiales"
"PCS_ESE";"Profession et catégorie socio-professionnelle des emplois salariés des employeurs privés et publics";"563C";"Employés de maison et personnels de ménage chez des particuliers"
"PCS_ESE";"Profession et catégorie socio-professionnelle des emplois salariés des employeurs privés et publics";"564A";"Concierges, gardiens d'immeubles"
"PCS_ESE";"Profession et catégorie socio-professionnelle des emplois salariés des employeurs privés et publics";"564B";"Employés des services divers"
"PCS_ESE";"Profession et catégorie socio-professionnelle des emplois salariés des employeurs privés et publics";"632B";"Ouvriers qualifiés du travail de la pierre"
"PCS_ESE";"Profession et catégorie socio-professionnelle des emplois salariés des employeurs privés et publics";"632C";"Charpentiers en bois qualifiés"
"PCS_ESE";"Profession et catégorie socio-professionnelle des emplois salariés des employeurs privés et publics";"632D";"Menuisiers qualifiés du bâtiment"
"PCS_ESE";"Profession et catégorie socio-professionnelle des emplois salariés des employeurs privés et publics";"632E";"Couvreurs qualifiés"
"PCS_ESE";"Profession et catégorie socio-professionnelle des emplois salariés des employeurs privés et publics";"632F";"Plombiers et chauffagistes qualifiés"
"PCS_ESE";"Profession et catégorie socio-professionnelle des emplois salariés des employeurs privés et publics";"632G";"Peintres et ouvriers qualifiés de pose de revêtements sur supports verticaux"
"PCS_ESE";"Profession et catégorie socio-professionnelle des emplois salariés des employeurs privés et publics";"632H";"Soliers moquetteurs et ouvriers qualifiés de pose de revêtements souples sur supports horizontaux"
"PCS_ESE";"Profession et catégorie socio-professionnelle des emplois salariés des employeurs privés et publics";"632J";"Monteurs qualifiés en agencement, isolation"
"PCS_ESE";"Profession et catégorie socio-professionnelle des emplois salariés des employeurs privés et publics";"633A";"Électriciens qualifiés de type artisanal (y.c. bâtiment)"
"PCS_ESE";"Profession et catégorie socio-professionnelle des emplois salariés des employeurs privés et publics";"633B";"Dépanneurs qualifiés en radiotélévision, électroménager, matériel électronique (salariés)"
"PCS_ESE";"Profession et catégorie socio-professionnelle des emplois salariés des employeurs privés et publics";"633C";"Électriciens, électroniciens qualifiés en maintenance entretien, réparation : automobile"
"PCS_ESE";"Profession et catégorie socio-professionnelle des emplois salariés des employeurs privés et publics";"633D";"Électriciens, électroniciens qualifiés en maintenance, entretien : équipements non industriels"
"PCS_ESE";"Profession et catégorie socio-professionnelle des emplois salariés des employeurs privés et publics";"634A";"Carrossiers d'automobiles qualifiés"
"PCS_ESE";"Profession et catégorie socio-professionnelle des emplois salariés des employeurs privés et publics";"634B";"Métalliers, serruriers qualifiés"
"PCS_ESE";"Profession et catégorie socio-professionnelle des emplois salariés des employeurs privés et publics";"634C";"Mécaniciens qualifiés en maintenance, entretien, réparation : automobile"
"PCS_ESE";"Profession et catégorie socio-professionnelle des emplois salariés des employeurs privés et publics";"634D";"Mécaniciens qualifiés de maintenance, entretien : équipements non industriels"
"PCS_ESE";"Profession et catégorie socio-professionnelle des emplois salariés des employeurs privés et publics";"635A";"Tailleurs et couturières qualifiés, ouvriers qualifiés du travail des étoffes (sauf fabrication de vêtements), ouvriers qualifiés de type artisanal du travail du cuir"
"PCS_ESE";"Profession et catégorie socio-professionnelle des emplois salariés des employeurs privés et publics";"636A";"Bouchers (sauf industrie de la viande)"
"PCS_ESE";"Profession et catégorie socio-professionnelle des emplois salariés des employeurs privés et publics";"636B";"Charcutiers (sauf industrie de la viande)"
"PCS_ESE";"Profession et catégorie socio-professionnelle des emplois salariés des employeurs privés et publics";"636C";"Boulangers, pâtissiers (sauf activité industrielle)"
"PCS_ESE";"Profession et catégorie socio-professionnelle des emplois salariés des employeurs privés et publics";"636D";"Cuisiniers et commis de cuisine"
"PCS_ESE";"Profession et catégorie socio-professionnelle des emplois salariés des employeurs privés et publics";"637A";"Modeleurs (sauf modeleurs de métal), mouleurs-noyauteurs à la main, ouvriers qualifiés du travail du verre ou de la céramique à la main"
"PCS_ESE";"Profession et catégorie socio-professionnelle des emplois salariés des employeurs privés et publics";"637B";"Ouvriers d'art"
"PCS_ESE";"Profession et catégorie socio-professionnelle des emplois salariés des employeurs privés et publics";"637C";"Ouvriers et techniciens des spectacles vivants et audiovisuels"
"PCS_ESE";"Profession et catégorie socio-professionnelle des emplois salariés des employeurs privés et publics";"637D";"Ouvriers qualifiés divers de type artisanal"
"PCS_ESE";"Profession et catégorie socio-professionnelle des emplois salariés des employeurs privés et publics";"641A";"Conducteurs routiers et grands routiers"
"PCS_ESE";"Profession et catégorie socio-professionnelle des emplois salariés des employeurs privés et publics";"641B";"Conducteurs de véhicule routier de transport en commun"
"PCS_ESE";"Profession et catégorie socio-professionnelle des emplois salariés des employeurs privés et publics";"642A";"Conducteurs de taxi"
"PCS_ESE";"Profession et catégorie socio-professionnelle des emplois salariés des employeurs privés et publics";"642B";"Conducteurs de voiture particulière"
"PCS_ESE";"Profession et catégorie socio-professionnelle des emplois salariés des employeurs privés et publics";"643A";"Conducteurs livreurs, coursiers"
"PCS_ESE";"Profession et catégorie socio-professionnelle des emplois salariés des employeurs privés et publics";"644A";"Conducteurs de véhicule de ramassage des ordures ménagères"
"PCS_ESE";"Profession et catégorie socio-professionnelle des emplois salariés des employeurs privés et publics";"651A";"Conducteurs d'engin lourd de levage"
"PCS_ESE";"Profession et catégorie socio-professionnelle des emplois salariés des employeurs privés et publics";"651B";"Conducteurs d'engin lourd de manœuvre"
"PCS_ESE";"Profession et catégorie socio-professionnelle des emplois salariés des employeurs privés et publics";"652A";"Ouvriers qualifiés de la manutention, conducteurs de chariots élévateurs, caristes"
"PCS_ESE";"Profession et catégorie socio-professionnelle des emplois salariés des employeurs privés et publics";"652B";"Dockers"
"PCS_ESE";"Profession et catégorie socio-professionnelle des emplois salariés des employeurs privés et publics";"653A";"Magasiniers qualifiés"
"PCS_ESE";"Profession et catégorie socio-professionnelle des emplois salariés des employeurs privés et publics";"654B";"Conducteurs qualifiés d'engins de transport guidés (sauf remontées mécaniques)"
"PCS_ESE";"Profession et catégorie socio-professionnelle des emplois salariés des employeurs privés et publics";"654C";"Conducteurs qualifiés de systèmes de remontées mécaniques"
"PCS_ESE";"Profession et catégorie socio-professionnelle des emplois salariés des employeurs privés et publics";"655A";"Autres agents et ouvriers qualifiés (sédentaires) des services d'exploitation des transports"
"PCS_ESE";"Profession et catégorie socio-professionnelle des emplois salariés des employeurs privés et publics";"656B";"Matelots de la marine marchande"
"PCS_ESE";"Profession et catégorie socio-professionnelle des emplois salariés des employeurs privés et publics";"656C";"Capitaines et matelots timoniers de la navigation fluviale"
"PCS_ESE";"Profession et catégorie socio-professionnelle des emplois salariés des employeurs privés et publics";"671A";"Ouvriers non qualifiés des travaux publics de l'Etat et des collectivités locales"
"PCS_ESE";"Profession et catégorie socio-professionnelle des emplois salariés des employeurs privés et publics";"671C";"Ouvriers non qualifiés des travaux publics et du travail du béton"
"PCS_ESE";"Profession et catégorie socio-professionnelle des emplois salariés des employeurs privés et publics";"671D";"Aides-mineurs, ouvriers non qualifiés de l'extraction"
"PCS_ESE";"Profession et catégorie socio-professionnelle des emplois salariés des employeurs privés et publics";"672A";"Ouvriers non qualifiés de l'électricité et de l'électronique"
"PCS_ESE";"Profession et catégorie socio-professionnelle des emplois salariés des employeurs privés et publics";"673A";"Ouvriers de production non qualifiés travaillant par enlèvement de métal"
"PCS_ESE";"Profession et catégorie socio-professionnelle des emplois salariés des employeurs privés et publics";"673B";"Ouvriers de production non qualifiés travaillant par formage de métal"
"PCS_ESE";"Profession et catégorie socio-professionnelle des emplois salariés des employeurs privés et publics";"673C";"Ouvriers non qualifiés de montage, contrôle en mécanique et travail des métaux"
"PCS_ESE";"Profession et catégorie socio-professionnelle des emplois salariés des employeurs privés et publics";"674A";"Ouvriers de production non qualifiés : chimie, pharmacie, plasturgie"
"PCS_ESE";"Profession et catégorie socio-professionnelle des emplois salariés des employeurs privés et publics";"674B";"Ouvriers de production non qualifiés de la transformation des viandes"
"PCS_ESE";"Profession et catégorie socio-professionnelle des emplois salariés des employeurs privés et publics";"674C";"Autres ouvriers de production non qualifiés : industrie agroalimentaire"
"PCS_ESE";"Profession et catégorie socio-professionnelle des emplois salariés des employeurs privés et publics";"674D";"Ouvriers de production non qualifiés : métallurgie, production verrière, céramique, matériaux de construction"
"PCS_ESE";"Profession et catégorie socio-professionnelle des emplois salariés des employeurs privés et publics";"674E";"Ouvriers de production non qualifiés : industrie lourde du bois, fabrication des papiers et cartons"
"PCS_ESE";"Profession et catégorie socio-professionnelle des emplois salariés des employeurs privés et publics";"675A";"Ouvriers de production non qualifiés du textile et de la confection, de la tannerie-mégisserie et du travail du cuir"
"PCS_ESE";"Profession et catégorie socio-professionnelle des emplois salariés des employeurs privés et publics";"675B";"Ouvriers de production non qualifiés du travail du bois et de l'ameublement"
"PCS_ESE";"Profession et catégorie socio-professionnelle des emplois salariés des employeurs privés et publics";"675C";"Ouvriers de production non qualifiés de l'imprimerie, presse, édition"
"PCS_ESE";"Profession et catégorie socio-professionnelle des emplois salariés des employeurs privés et publics";"676A";"Manutentionnaires non qualifiés"
"PCS_ESE";"Profession et catégorie socio-professionnelle des emplois salariés des employeurs privés et publics";"676B";"Déménageurs (hors chauffeurs-déménageurs), non qualifiés"
"PCS_ESE";"Profession et catégorie socio-professionnelle des emplois salariés des employeurs privés et publics";"676C";"Ouvriers du tri, de l'emballage, de l'expédition, non qualifiés"
"PCS_ESE";"Profession et catégorie socio-professionnelle des emplois salariés des employeurs privés et publics";"676D";"Agents non qualifiés des services d'exploitation des transports"
"PCS_ESE";"Profession et catégorie socio-professionnelle des emplois salariés des employeurs privés et publics";"676E";"Ouvriers non qualifiés divers de type industriel"
"PCS_ESE";"Profession et catégorie socio-professionnelle des emplois salariés des employeurs privés et publics";"681A";"Ouvriers non qualifiés du gros œuvre du bâtiment"
"PCS_ESE";"Profession et catégorie socio-professionnelle des emplois salariés des employeurs privés et publics";"681B";"Ouvriers non qualifiés du second œuvre du bâtiment"
"PCS_ESE";"Profession et catégorie socio-professionnelle des emplois salariés des employeurs privés et publics";"682A";"Métalliers, serruriers, réparateurs en mécanique non qualifiés"
"PCS_ESE";"Profession et catégorie socio-professionnelle des emplois salariés des employeurs privés et publics";"683A";"Apprentis boulangers, bouchers, charcutiers"
"PCS_ESE";"Profession et catégorie socio-professionnelle des emplois salariés des employeurs privés et publics";"684A";"Nettoyeurs"
"PCS_ESE";"Profession et catégorie socio-professionnelle des emplois salariés des employeurs privés et publics";"684B";"Ouvriers non qualifiés de l'assainissement et du traitement des déchets"
"PCS_ESE";"Profession et catégorie socio-professionnelle des emplois salariés des employeurs privés et publics";"685A";"Ouvriers non qualifiés divers de type artisanal"
"PCS_ESE";"Profession et catégorie socio-professionnelle des emplois salariés des employeurs privés et publics";"691A";"Conducteurs d'engin agricole ou forestier"
"PCS_ESE";"Profession et catégorie socio-professionnelle des emplois salariés des employeurs privés et publics";"691B";"Ouvriers de l'élevage"
"PCS_ESE";"Profession et catégorie socio-professionnelle des emplois salariés des employeurs privés et publics";"691C";"Ouvriers du maraîchage ou de l'horticulture"
"PCS_ESE";"Profession et catégorie socio-professionnelle des emplois salariés des employeurs privés et publics";"691D";"Ouvriers de la viticulture ou de l'arboriculture fruitière"
"PCS_ESE";"Profession et catégorie socio-professionnelle des emplois salariés des employeurs privés et publics";"691E";"Ouvriers agricoles sans spécialisation particulière"
"PCS_ESE";"Profession et catégorie socio-professionnelle des emplois salariés des employeurs privés et publics";"691F";"Ouvriers de l'exploitation forestière ou de la sylviculture"
"PCS_ESE";"Profession et catégorie socio-professionnelle des emplois salariés des employeurs privés et publics";"692A";"Marins-pêcheurs et ouvriers de l'aquaculture"
"PCS_ESE";"Profession et catégorie socio-professionnelle des emplois salariés des employeurs privés et publics";"621A";"Chefs d'équipe du gros œuvre et des travaux publics"
"PCS_ESE";"Profession et catégorie socio-professionnelle des emplois salariés des employeurs privés et publics";"621B";"Ouvriers qualifiés du travail du béton"
"PCS_ESE";"Profession et catégorie socio-professionnelle des emplois salariés des employeurs privés et publics";"621C";"Conducteurs qualifiés d'engins de chantiers du bâtiment et des travaux publics"
"PCS_ESE";"Profession et catégorie socio-professionnelle des emplois salariés des employeurs privés et publics";"621D";"Ouvriers des travaux publics en installations électriques et de télécommunications"
"PCS_ESE";"Profession et catégorie socio-professionnelle des emplois salariés des employeurs privés et publics";"621E";"Autres ouvriers qualifiés des travaux publics"
"PCS_ESE";"Profession et catégorie socio-professionnelle des emplois salariés des employeurs privés et publics";"621G";"Mineurs de fond qualifiés et autres ouvriers qualifiés des industries d'extraction (carrières, pétrole, gaz...)"
"PCS_ESE";"Profession et catégorie socio-professionnelle des emplois salariés des employeurs privés et publics";"622A";"Opérateurs qualifiés sur machines automatiques en production électrique ou électronique"
"PCS_ESE";"Profession et catégorie socio-professionnelle des emplois salariés des employeurs privés et publics";"622C";"Monteurs câbleurs qualifiés en électricité"
"PCS_ESE";"Profession et catégorie socio-professionnelle des emplois salariés des employeurs privés et publics";"622D";"Câbleurs qualifiés en électronique (prototype, unité, petite série)"
"PCS_ESE";"Profession et catégorie socio-professionnelle des emplois salariés des employeurs privés et publics";"622E";"Autres monteurs câbleurs en électronique"
"PCS_ESE";"Profession et catégorie socio-professionnelle des emplois salariés des employeurs privés et publics";"622F";"Bobiniers qualifiés"
"PCS_ESE";"Profession et catégorie socio-professionnelle des emplois salariés des employeurs privés et publics";"622G";"Plateformistes, contrôleurs qualifiés de matériel électrique ou électronique"
"PCS_ESE";"Profession et catégorie socio-professionnelle des emplois salariés des employeurs privés et publics";"623A";"Chaudronniers-tôliers industriels, opérateurs qualifiés du travail en forge, conducteurs qualifiés d'équipement de formage, traceurs qualifiés"
"PCS_ESE";"Profession et catégorie socio-professionnelle des emplois salariés des employeurs privés et publics";"623B";"Tuyauteurs industriels qualifiés"
"PCS_ESE";"Profession et catégorie socio-professionnelle des emplois salariés des employeurs privés et publics";"623D";"Opérateurs qualifiés sur machine de soudage"
"PCS_ESE";"Profession et catégorie socio-professionnelle des emplois salariés des employeurs privés et publics";"623E";"Soudeurs manuels"
"PCS_ESE";"Profession et catégorie socio-professionnelle des emplois salariés des employeurs privés et publics";"623F";"Opérateurs qualifiés d'usinage des métaux travaillant à l'unité ou en petite série, moulistes qualifiés"
"PCS_ESE";"Profession et catégorie socio-professionnelle des emplois salariés des employeurs privés et publics";"623G";"Opérateurs qualifiés d'usinage des métaux sur autres machines (sauf moulistes)"
"PCS_ESE";"Profession et catégorie socio-professionnelle des emplois salariés des employeurs privés et publics";"624B";"Monteurs, metteurs au point très qualifiés d'ensembles mécaniques travaillant à l'unité ou en petite série"
"PCS_ESE";"Profession et catégorie socio-professionnelle des emplois salariés des employeurs privés et publics";"624C";"Monteurs qualifiés d'ensembles mécaniques travaillant en moyenne ou en grande série"
"PCS_ESE";"Profession et catégorie socio-professionnelle des emplois salariés des employeurs privés et publics";"624D";"Monteurs qualifiés en structures métalliques"
"PCS_ESE";"Profession et catégorie socio-professionnelle des emplois salariés des employeurs privés et publics";"624E";"Ouvriers qualifiés de contrôle et d'essais en mécanique"
"PCS_ESE";"Profession et catégorie socio-professionnelle des emplois salariés des employeurs privés et publics";"624F";"Ouvriers qualifiés des traitements thermiques et de surface sur métaux"
"PCS_ESE";"Profession et catégorie socio-professionnelle des emplois salariés des employeurs privés et publics";"624G";"Autres mécaniciens ou ajusteurs qualifiés (ou spécialité non reconnue)"
"PCS_ESE";"Profession et catégorie socio-professionnelle des emplois salariés des employeurs privés et publics";"625A";"Pilotes d'installation lourde des industries de transformation : agroalimentaire, chimie, plasturgie, énergie"
"PCS_ESE";"Profession et catégorie socio-professionnelle des emplois salariés des employeurs privés et publics";"625B";"Ouvriers qualifiés et agents qualifiés de laboratoire : agroalimentaire, chimie, biologie, pharmacie"
"PCS_ESE";"Profession et catégorie socio-professionnelle des emplois salariés des employeurs privés et publics";"625C";"Autres opérateurs et ouvriers qualifiés de la chimie (y.c. pharmacie) et de la plasturgie"
"PCS_ESE";"Profession et catégorie socio-professionnelle des emplois salariés des employeurs privés et publics";"625D";"Opérateurs de la transformation des viandes"
"PCS_ESE";"Profession et catégorie socio-professionnelle des emplois salariés des employeurs privés et publics";"625F";"Autres opérateurs travaillant sur installations ou machines : industrie agroalimentaire (hors transformation des viandes)"
"PCS_ESE";"Profession et catégorie socio-professionnelle des emplois salariés des employeurs privés et publics";"625G";"Autres ouvriers de production qualifiés ne travaillant pas sur machine : industrie agroalimentaire (hors transformation des viandes)"
"PCS_ESE";"Profession et catégorie socio-professionnelle des emplois salariés des employeurs privés et publics";"625H";"Ouvriers qualifiés des autres industries (eau, gaz, énergie, chauffage)"
"PCS_ESE";"Profession et catégorie socio-professionnelle des emplois salariés des employeurs privés et publics";"626A";"Pilotes d'installation lourde des industries de transformation : métallurgie, production verrière, matériaux de construction"
"PCS_ESE";"Profession et catégorie socio-professionnelle des emplois salariés des employeurs privés et publics";"626B";"Autres opérateurs et ouvriers qualifiés : métallurgie, production verrière, matériaux de construction"
"PCS_ESE";"Profession et catégorie socio-professionnelle des emplois salariés des employeurs privés et publics";"626C";"Opérateurs et ouvriers qualifiés des industries lourdes du bois et de la fabrication du papier-carton"
"PCS_ESE";"Profession et catégorie socio-professionnelle des emplois salariés des employeurs privés et publics";"627A";"Opérateurs qualifiés du textile et de la mégisserie"
"PCS_ESE";"Profession et catégorie socio-professionnelle des emplois salariés des employeurs privés et publics";"627B";"Ouvriers qualifiés de la coupe des vêtements et de l'habillement, autres opérateurs de confection qualifiés"
"PCS_ESE";"Profession et catégorie socio-professionnelle des emplois salariés des employeurs privés et publics";"627C";"Ouvriers qualifiés du travail industriel du cuir"
"PCS_ESE";"Profession et catégorie socio-professionnelle des emplois salariés des employeurs privés et publics";"627D";"Ouvriers qualifiés de scierie, de la menuiserie industrielle et de l'ameublement"
"PCS_ESE";"Profession et catégorie socio-professionnelle des emplois salariés des employeurs privés et publics";"627E";"Ouvriers de la photogravure et des laboratoires photographiques et cinématographiques"
"PCS_ESE";"Profession et catégorie socio-professionnelle des emplois salariés des employeurs privés et publics";"627F";"Ouvriers de la composition et de l'impression, ouvriers qualifiés de la brochure, de la reliure et du façonnage du papier-carton"
"PCS_ESE";"Profession et catégorie socio-professionnelle des emplois salariés des employeurs privés et publics";"628A";"Mécaniciens qualifiés de maintenance, entretien : équipements industriels"
"PCS_ESE";"Profession et catégorie socio-professionnelle des emplois salariés des employeurs privés et publics";"628B";"Électromécaniciens, électriciens qualifiés d'entretien : équipements industriels"
"PCS_ESE";"Profession et catégorie socio-professionnelle des emplois salariés des employeurs privés et publics";"628C";"Régleurs qualifiés d'équipements de fabrication (travail des métaux, mécanique)"
"PCS_ESE";"Profession et catégorie socio-professionnelle des emplois salariés des employeurs privés et publics";"628D";"Régleurs qualifiés d'équipements de fabrication (hors travail des métaux et mécanique)"
"PCS_ESE";"Profession et catégorie socio-professionnelle des emplois salariés des employeurs privés et publics";"628E";"Ouvriers qualifiés de l'assainissement et du traitement des déchets"
"PCS_ESE";"Profession et catégorie socio-professionnelle des emplois salariés des employeurs privés et publics";"628G";"Ouvriers qualifiés divers de type industriel"
"PCS_ESE";"Profession et catégorie socio-professionnelle des emplois salariés des employeurs privés et publics";"631A";"Jardiniers"
"PCS_ESE";"Profession et catégorie socio-professionnelle des emplois salariés des employeurs privés et publics";"632A";"Maçons qualifiés"
"PCS_ESE";"Profession et catégorie socio-professionnelle des emplois salariés des employeurs privés et publics";"_T";"Total"
"QUANTILE";"Quantile";"_T";"Total"
"SEX";"Sexe";"F";"Femme"
"SEX";"Sexe";"M";"Homme"
"SEX";"Sexe";"_T";"Total"
"TIME_PERIOD";"Période temporelle";"2023";"2023"
"UNIT_MEASURE";"Unité de mesure";"FT";"Equivalent temps plein"
"UNIT_MEASURE";"Unité de mesure";"XDC";"Devise nationale (Euros)"
"WKTIME";"Temps de travail";"PT";"Temps partiel"
"WKTIME";"Temps de travail";"FT";"Temps complet"
"WKTIME";"Temps de travail";"_T";"Total"
"GEO";"Géographie";"F";"France"